{"cameraMode":{"drawMode":0,"name":"Shaded","section":"Shading Mode"},"sceneLighting":false,"audioPlay":false,"sceneViewState":{"m_AlwaysRefresh":false,"showFog":true,"showSkybox":false,"showFlares":true,"showImageEffects":true,"showParticleSystems":true,"showVisualEffectGraphs":true,"m_FxEnabled":true},"in2DMode":false,"pivot":{"x":3.2049999237060549,"y":1.374500036239624,"z":-0.2460000067949295},"rotation":{"x":-0.015715956687927247,"y":-0.9834995269775391,"z":0.14593711495399476,"w":-0.10595480352640152},"size":3.4959816932678224,"orthographic":false}